{
  "baseline": {
    "energy": [
      3.7774370884895325,
      3.762127753734589,
      3.8013155822753912
    ],
    "power": [
      62.085,
      61.93914285714286,
      62.57800000000001
    ],
    "duration": [
      0.06084299087524414,
      0.06074023246765137,
      0.0607452392578125
    ],
    "avg_energy": 3.780293474833171,
    "avg_power": 62.20071428571429,
    "avg_duration": 0.060776154200236
  },
  "without_LlamaMLP": {
    "energy": [
      3.7801559672355647,
      3.1644058227539062,
      3.787270471572876
    ],
    "power": [
      62.281,
      62.4,
      62.337
    ],
    "duration": [
      0.06069517135620117,
      0.050711631774902344,
      0.06075477600097656
    ],
    "avg_energy": 3.5772774205207827,
    "avg_power": 62.339333333333336,
    "avg_duration": 0.057387193044026695,
    "energy_saved": 0.20301605431238823,
    "energy_saved_pct": 5.370378137674816
  }
}